Term,Document 1,Document 2,Document 3
cat,0.0,0.4472135954999579,0.8944271909999159
cow,1.0,0.0,0.0
dog,0.0,0.8944271909999159,0.4472135954999579
